rule_id,book,chapter,batch_id,condition_type,planet,house,flag_reason,interpretation_summary,claude_recommendation,claude_reasoning,suggested_edit,final_action
R-BPHS56-PATCH-34CC52-GRP,,56,bphs-ch56-dasha-20260418,dasha_planet,,,Summary and detailed text are truncated/incomplete ('Sun in exaltation during Jupiter Mahadash' cuts off mid-word); cannot evaluate full interpretation coherence.,"Sun in exaltation, own sign, kendra, trikona, 3rd, 11th, or 2nd from Ascendant and endowed with strength; Sun in own sign during Jupiter Mahadasha; Sun in kendra during Jupiter Mahadasha; Sun in trikona during Jupiter Mahadasha; Sun in 3rd house during Jupiter Mahadasha; Sun in 11th house during Jupiter Mahadasha; Sun in 2nd house during Jupiter Mahadasha; Sun in exaltation during Jupiter Mahadasha → Gain of wealth, reverence, happiness, acquisition of conveyances, clothes, ornaments, birt...; Gain of wealth, reverence, happiness, conveyances, clothes, ornaments, children, cordial relations with government, success in ventures.",needs_edit,The interpretation text is truncated mid-word ('birt...') making it impossible to validate complete coherence and accuracy; the rule itself is logically sound but the data must be restored to full text before approval.,"Complete the truncated interpretation text by restoring the full sentence that begins 'Gain of wealth, reverence, happiness, acquisition of conveyances, clothes, ornaments, birt...' — likely should read 'birth of children' or similar completion. Verify both interpretation outcomes are fully spelled out without ellipsis or cutoff.",
R-BPHS57-PATCH-4B17E8-GF,,57,bphs-ch57-dasha-20260419,,,2,"Rule conflates Mercury as 2nd lord with Mercury as antardasha planet; BPHS Ch.57 addresses antardasha planet placement relative to dasha lord, not natal house lordship. The condition and interpretation are misaligned.",Mercury is Lord of the 2nd house from Ascendant during Saturn Mahadasha → Physical distress occurs.,needs_edit,"Rule conflates natal 2nd house lordship with antardasha planet function; BPHS Ch.57 analyzes antardasha planet placement relative to dasha lord, not static house lordship.","Reframe condition to specify Mercury as antardasha planet (not 2nd lord) during Saturn Mahadasha, and clarify interpretation based on Mercury's relationship to Saturn (conjunction, aspect, dignity) rather than Mercury's natal house lordship.",
R-BPHS57-PATCH-5F5F3B-GF,,57,bphs-ch57-dasha-20260419,,,2,Rule states 'Venus is Lord of 2nd house' but condition specifies 'antardasha_planet: Venus' during Saturn Mahadasha; the interpretation 'Physical distress occurs' is vague and lacks classical textual grounding for this specific planetary combination.,Venus is Lord of the 2nd house from Ascendant during Saturn Mahadasha → Physical distress occurs.,needs_edit,"Interpretation is overly generic and lacks classical textual support for this specific planetary combination; Venus as 2nd lord and Saturn Mahadasha typically govern wealth/values, not physical distress.","Either (a) replace 'Physical distress' with outcome aligned to Venus (2nd lord) + Saturn (wealth/longevity themes), or (b) remove if no BPHS sloka supports this combination; cite source sloka.",
R-BPHS57-PATCH-60E6E0-GF,,57,bphs-ch57-dasha-20260419,,,7,"Mercury as 7th lord during Saturn Mahadasha producing 'Physical distress' is generic and lacks classical support; 7th lord typically governs partnership/marriage, not general physical distress.",Mercury is Lord of the 7th house from Ascendant during Saturn Mahadasha → Physical distress occurs.,deprecate,"Mercury as 7th lord produces partnership/marriage outcomes, not physical distress; interpretation lacks classical grounding and contradicts standard 7th house significations in Vedic astrology.",,
R-BPHS57-PATCH-92F798-GF,,57,bphs-ch57-dasha-20260419,,,2,Condition specifies Ketu in 2nd from Ascendant but antardasha_planet is Ketu during Saturn Mahadasha—this is inconsistent with standard dasha structure (Ketu cannot be antardasha lord under Saturn Mahadasha in classical BPHS). Detailed field is empty. Requires source verification.,Ketu in the 2nd house from Ascendant during Saturn Mahadasha → Physical distress.,deprecate,"Condition is structurally invalid: Ketu cannot function as antardasha lord under Saturn Mahadasha in classical Vimsottari Dasha; natal Ketu placement and antardasha planet are conflated, and empty detailed field prevents verification.",,
R-BPHS57-PATCH-DE1D14-GF,,57,bphs-ch57-dasha-20260419,,,7,Detailed field is empty; summary is vague and lacks specificity on what 'physical distress' manifests; condition structure is non-standard (missing 'type' field); insufficient information to validate against BPHS sloka.,Venus is Lord of the 7th house from Ascendant during Saturn Mahadasha → Physical distress occurs.,deprecate,"Multiple critical defects: empty detailed field, vague interpretation, non-standard condition structure (missing type/sloka fields), and insufficient information to validate against BPHS source material.",,
R-BPHS57-PATCH-F0541B-GF,,57,bphs-ch57-dasha-20260419,,,,Condition structure is malformed (missing 'type' and 'sloka' fields); detailed interpretation is empty; 'gap_fill_direct' method is non-standard and unverifiable against classical sources.,"Rahu in favourable condition during middle portion of Rahu Antardasha in Saturn Mahadasha → Cordial relations with government officials, increase in trade and other auspicious activities.",deprecate,"Malformed structure (missing type and sloka fields), empty detailed field, non-standard 'gap_fill_direct' method, and unverifiable against classical BPHS sources; requires complete reconstruction.",,
R-300IMP-GEN-168,300 Important Combinations,219 208,300-important-combin_001_20260413,composite,,,"Text is truncated and vague; makes unfounded claim about 3rd, 6th, 9th, 12th houses indicating misfortune without classical basis, then trails off incompletely.","In the realm of astrology, certain configurations within a natal chart may reveal the presence of unseen forces that govern fortune and luck. The analysis of houses, particularly the third, sixth, ninth, and twelfth, can indicate periods of misfortune when certain planetary combinations are present. The distance between the sign and its lord, akin to the lord's distance from the relevant house, plays a crucial role in this interpretation. Additionally, the combust state of planets can influence longevity and the dynamics of fortune, potentially leading to outcomes such as infant mortality. The strength of a house, represented in the house diagram, serves as a junction point between adjacent houses or bhavas, revealing deeper insights into one's astrological profile. Mars, as an indicator of siblings, and the interplay of Mercury with the Sun, alongside the Moon and its sign, further enrich this astrological tapestry, particularly when examining the Moon-Mars combination and the characteristics of movable signs.",deprecate,"The rule is incoherent, poorly structured, makes unsupported generalizations about 3rd/6th/9th/12th houses causing misfortune without classical citation, conflates multiple unrelated concepts (house lords, combustion, infant mortality, Moon-Mars combinations), and trails off incompletely, rendering it non-actionable as a coherent interpretation principle.",,
R-300IMP-GEN-170,300 Important Combinations,219 208,300-important-combin_001_20260413,composite,,,"Detailed text is truncated mid-sentence ('strengt'); also the statement about 'Ascendant lord, which in this case is Aquarius' is vague and context-dependent, making it incoherent as a general rule.","This astrological configuration suggests that afflictions may arise from the ownership of a quadrant, particularly in relation to the Ascendant lord, which in this case is Aquarius. The presence of Saturn, as a secondary planet, indicates potential challenges associated with mortality. The signs of Pisces, Aries, and Gemini are also highlighted, each contributing to themes of salvation and strength derived from planetary placements across various divisions. A sensitive point within a sign may reflect natural strength, particularly in the 119th division, while considerations of debilitation and its cancellation are pertinent. The analysis involves the fixed zodiac and emphasizes the significance of the 2nd, 5th, 8th, and 11th signs, revealing a special combination that denotes valor and the exchange of places. Additionally, a planet residing within its own vargas thrice is noted, with the Sun serving as an indicator of paternal influence and affairs.",deprecate,"The rule is fundamentally flawed: it contains a truncated word ('strengt'), makes context-dependent assertions presented as universal (e.g., 'Ascendant lord, which in this case is Aquarius' cannot apply generically), references undefined divisions (119th), jumps between unrelated concepts, and lacks sufficient coherence to serve as a valid interpretive guideline.",,
R-300IMP-GEN-164,300 Important Combinations,Appendix I,300-important-combin_001_20260413,composite,,,Summary and detailed text are truncated mid-word ('12t' and 'adv'); incomplete statement prevents coherent evaluation.,"In the analysis of Kalasarpa yoga, one must pay heed to the houses that are primarily engaged, such as the 1st and 7th, 2nd and 8th, 3rd and 9th, 4th and 10th, 5th and 11th, as well as the 6th and 12th. The outcomes may vary significantly based on various other astrological elements. Typically, the 6th-12th axis associated with Kalasarpa yoga may suggest experiences of confinement or spiritual advancement, contingent upon the presence of potent Bandhana Yogas. When this axis pertains to the 1st and 7th houses, it tends to be unfavorable for marital bliss, potentially leading to a relationship fraught with discord and a lack of mutual understanding. However, should the 7th lord or Venus be favorably positioned and in harmony, the adverse effects may be mitigated, allowing for the avoidance of marital strife. By comprehending the implications of this yoga in advance, one may cultivate a more thoughtful and understanding approach to their interactions.",needs_edit,"The interpretation itself is coherent and substantive regarding Kalasarpa yoga axis variations and marital implications, but the flag indicates truncation in summary/metadata fields ('12t' and 'adv') that prevent full validation of the complete rule entry.",Restore the truncated summary and detailed text headers to their complete form; the interpretation body appears intact and usable.,
R-300IMP-GEN-165,300 Important Combinations,Appendix I,300-important-combin_001_20260413,composite,,,Summary and detailed text are truncated mid-sentence ('amidst a' and 'The axis formed by Rahu and'); incomplete statement prevents evaluation.,"The KSY configuration reveals its luminous aspects, imbuing individuals with industriousness and diligence, while simultaneously fostering an acute awareness of their own capabilities, albeit amidst a backdrop of mental agitation. This alignment propels the natives toward esteemed positions within their professions, contingent upon the presence of additional Raja yogas. The axis formed by Rahu and Kethu supports advancement in worldly affairs, whereas the Kethu and Rahu axis signifies ascension in spiritual pursuits. Furthermore, it has been observed that those influenced by KSY may experience betrayal from those they hold in trust.",needs_edit,"The interpretation text contains mid-sentence truncation markers ('amidst a' and 'The axis formed by Rahu and') that disrupt logical flow, though the core claims about KSY industriousness, professional advancement, and betrayal are interpretable.",Restore complete sentences in the affected passages: clarify the phrase after 'amidst a' and complete the Rahu-Kethu axis distinction statement.,
R-300IMP-GEN-167,300 Important Combinations,Appendix I,300-important-combin_001_20260413,composite,,,"Text is severely truncated and incomplete; makes vague claims about Saturn in 7th with Ascendant lord causing decline despite Raja Yogas, then abruptly shifts to Kethu-Rahu axis without coherent connection or completion.","In the presence of Saturn, particularly when it occupies the seventh house in conjunction with the lord of the Ascendant, a significant decline may occur, notwithstanding the individual's ascent to great heights through various Raja Yogas, assessed from both the Ascendant and the Moon's Ascendant. The conclusion of the Saturn Dasa heralded a tragic demise. It is noteworthy that the Kethu-Rahu axis pertains to the twelfth and sixth houses, indicating that the native faced treachery from those whom he held in trust.",deprecate,"The rule conflates multiple unrelated concepts (Saturn in 7th with Ascendant lord, a Saturn Dasa death, and Kethu-Rahu axis treachery) without coherent logical connection, reads as fragmented case notes rather than a generalizable interpretation rule, and lacks the structure needed for consistent application.",,
R-300IMP-KALASA-163,300 Important Combinations,Appendix I,300-important-combin_001_20260413,yoga,,,Text is truncated mid-sentence ('In terms o'); the statement 'definition of Kalasarpa Yoga remains largely valid' is vague and self-referential rather than substantive.,"The aforementioned definition of Kalasarpa Yoga remains largely valid. However, a question arises: what occurs when all celestial bodies are confined between Kethu and Rahu? Some scholars argue that this scenario does not constitute Kalasarpa Yoga. Nonetheless, it is our perspective that the yoga exists regardless of whether the planets are situated between Rahu and Kethu or vice versa. In terms of the outcomes, various interpretations may arise. Commonly, it is believed that Kalasarpa Yoga bears a malevolent influence, inhibiting the positive effects of other auspicious yogas present within the natal chart. Individuals afflicted by this yoga are thought to encounter obstacles and setbacks throughout their lives. Additionally, there exists a concern that Kalasarpa Yoga possesses the potential to negate even the most potent Dhanayogas, thereby reducing a wealthy individual to poverty.",needs_edit,The opening phrase 'The aforementioned definition of Kalasarpa Yoga remains largely valid' is self-referential and uninformative; the rule otherwise provides substantive content on planets between Rahu/Kethu variants and Kalasarpa's effect on wealth yogas.,Replace the opening self-referential statement with a direct definition or remove it; restore the truncated 'In terms o' phrase to complete the sentence about outcomes and interpretations.,
R-300IMP-KALASA-166,300 Important Combinations,Appendix I,300-important-combin_001_20260413,yoga,,,Text is truncated mid-sentence ('overs'); the statement 'Rahu must occupy a central role...positioned between Rahu and Kethu' is logically incoherent (Rahu cannot be between itself and Kethu).,"The ancient verse indicates that for Kalasarpa Yoga to manifest, Rahu must occupy a central role among the planets, specifically positioned between Rahu and Kethu. Additionally, if any planet linked to Rahu or Kethu is found in a state of strength, either exalted or in its own domicile, the potency of this Yoga diminishes. It is not unfounded to fear that the presence of Kalasarpa Yoga could overshadow the benefits of other favorable planetary alignments. There exist horoscopes replete with auspicious combinations that promise significant progress and wealth, yet the individuals may remain unremarkable. A promising career may abruptly cease. In such instances, while Kalasarpa Yoga may be present, it is not necessarily the sole factor defining one's circumstances; it may merely contribute to the overall picture.",deprecate,The core condition is logically incoherent—'Rahu must occupy a central role...positioned between Rahu and Kethu' is geometrically impossible and indicates either severe textual corruption or a fundamental error in the source material that cannot be reliably fixed.,,
R-300IMP-ADHIYO-160,300 Important Combinations,Private Limited O Delhi,300-important-combin_001_20260413,yoga,,,"Text is truncated mid-sentence ('intertwine'); the summary poses a question rather than stating a rule, making it incoherent as a predictive statement.","The inquiry arises whether the outcomes of these yogas will manifest during the Dasa or Bhukthi, influenced by the other celestial bodies present. This question presents a challenge in its resolution. However, one might reasonably deduce that the presence of Jupiter, which has initiated several yogas, would lead to an amalgamation of their effects. Notably, Adhi Yoga and Amala Yoga have intertwined with Gajakesari. Regarding Bheri and similar yogas, the dominant influence will stem from the more potent planet or planets involved. The subsequent schedule illustrates the capacity of various planets to bestow the effects associated with the yogas they generate: the Su*- Vesi Yoga, Sankha Yoga, Bheri Yoga, Parijata Yoga, Brahma Yoga, and Kendra Yoga. Each of these is influenced by the benefic lord and its associations.",deprecate,"Rule is presented as a philosophical question rather than a predictive statement, text is truncated mid-sentence, and lacks actionable interpretation criteria for application.",,
R-300IMP-ADITYA-153,300 Important Combinations,Private Limited O Delhi,300-important-combin_001_20260413,yoga,,,Detailed text is severely corrupted/truncated mid-sentence with garbled Sanskrit terms ('ltlahabhagl'a') and incomplete references; cannot verify coherence or accuracy.,"The conjunction of the Sun and Mercury is termed Budha-Aditya Yoga, provided their proximity does not exceed 10 degrees. The Sun, Moon, and Lagna, when positioned in odd and even signs for males and females respectively, give rise to the auspicious ltlahabhagl'a Yoga. Pushkala Yoga is recognized as a favorable alignment, while the conjunction of the lords of Lagna and the 9th house results in Lakshmi Yoga, which enhances financial stability. The exaltation of the lord of the Navamsa, held by the lord of the 10th house, creates Gauri Yoga. Furthermore, the lords of the Navamsas associated with the 2nd, 5th, and 11th houses, when exalted alongside the 9th lord, generate Bharathi Yoga, both of which are beneficial for wealth and knowledge. When Jupiter, the Moon, and the Sun occupy the Lagna, 7th, and 2nd houses respectively, they form Kusuma Yoga, a significant Raja Yoga. Chapa Yoga arises when the lord of Lagna is exalted and there is an exchange of houses between the 4th and 10th lords.",deprecate,Text contains severe corruption with garbled Sanskrit terms ('ltlahabhagl'a') and truncation making verification of accuracy impossible; the corrupted data undermines all interpretative value.,,
R-300IMP-AMALAY-020,300 Important Combinations,Private Limited O Delhi,300-important-combin_001_20260413,yoga,,,"Definition of Amala Yoga is non-standard and contradicts classical sources; classical Amala Yoga requires benefics in the 10th from Lagna only, not the specific Venus-Mercury-Jupiter configuration stated here. Text is also truncated.","Amala Yoga is distinctly characterized by the alignment of Venus and Mercury in the tenth house from the Lagna, alongside Jupiter positioned in the tenth house from the Moon. This configuration bestows upon the individual the stature of a high-ranking civil servant, endowed with confidence, creativity, and a keen understanding of human behavior. The presence of Venus, as the significator of Amala Yoga, greatly enhances the native's fortunes.",needs_edit,Definition contradicts classical Amala Yoga sources which require benefics in 10th from Lagna only; text also appears truncated and requires verification against standard texts.,"Revise definition to align with classical sources: Amala Yoga requires benefic planets in the 10th house from Lagna, not the specific Venus-Mercury-Jupiter configuration stated; remove or complete truncated sections.",
R-300IMP-ANAPAT-089,300 Important Combinations,Private Limited O Delhi,300-important-combin_001_20260413,yoga,,,"Text is severely truncated and incoherent; references 'Chart No. 96' without context and cuts off mid-interpretation ('the presence of Jupiter, the significator'); cannot verify astrological claim.","The Anapathya Yoga exhibited here is unparalleled, surpassing that found in Chart No. 96. The lord of the fifth house, Mars, is in conjunction with Rahu, while Saturn resides in the fifth house, receiving a strong aspect from the Moon. This configuration is fully realized. Consequently, the individual may experience the loss of several offspring; however, the presence of Jupiter, the significator of children, positioned in the tenth house and free from affliction, mitigates much of the associated sorrow.",deprecate,"Rule relies on unexplained chart reference ('Chart No. 96'), is truncated mid-sentence ('the presence of Jupiter, the significator'), and functions as a case-study example rather than a generalizable principle.",,
R-300IMP-BHADRA-030,300 Important Combinations,Private Limited O Delhi,300-important-combin_001_20260413,yoga,,,Summary is incomplete ('In Chart No.') and appears to be a specific example rather than a general rule. Bhadra Yoga definition is correct (Mercury in Kendra in own/exalted sign) but the rule lacks proper generalization. Text is truncated.,"In Chart No. 24, Mercury resides in the first house, where it governs its own domain, thereby establishing the auspicious Bhadra Yoga. This planet remains untouched by any malevolent forces. The individual's physical attributes reflect the traits associated with the Lagna, while the aspects of intellectual growth, education, prosperity, and benevolent tendencies are thoroughly exemplified by the presence of Bhadra Yoga.",needs_edit,"Core Bhadra Yoga definition is correct but rule is presented as a specific chart example ('Chart No. 24') rather than a generalized principle, and text is truncated.","Remove chart reference and restructure as a general rule: 'Bhadra Yoga is formed when Mercury occupies a Kendra house in its own or exalted sign, bestowing benefits in intellectual growth, education, prosperity, and benevolence' — then provide the chart example separately as illustration.",
R-300IMP-DHANAY-061,300 Important Combinations,Private Limited O Delhi,300-important-combin_001_20260413,yoga,,,Text is an incomplete case-study fragment ('Chart No. 66') without a coherent general principle; does not function as a reusable interpretation rule.,"In Chart No. 66, we observe a quintessential illustration of combination 120. Saturn, the ruler of the 5th house, resides therein, while Mars, governing the 2nd house, and Mercury, the lord of the 9th, are positioned in the 11th house alongside the Sun, the master of the 11th. Notably, during the Dasa of Mercury, the father of the native experienced a remarkable increase in wealth, likely attributable to the Dhana Yoga instigated by Mercury's association with the Pitrukaraka Sun.",deprecate,Rule is presented solely as a case-study fragment ('Chart No. 66') without extraction of a generalizable principle; lacks reusability as an interpretation rule.,,
R-300IMP-GAJAKE-114,300 Important Combinations,Private Limited O Delhi,300-important-combin_001_20260413,yoga,,,Definition of Gajakesari Yoga is non-standard; classical texts require Moon in kendra from Jupiter (not necessarily 5th house Jupiter); the requirement for fixed sign in Ascendant is not a standard criterion.,"The formation of Gajakesari Yoga necessitates that a fixed sign be present, with Jupiter positioned in the fifth house from the Ascendant, while the Moon must reside in a kendra relative to Jupiter. It is essential that the lord of the Ascendant occupies the tenth house. The presence of the Moon in a kendra from Jupiter indicates the establishment of Gajakesari Yoga. The Moon may be positioned in the second, eleventh, or eighth houses from the Ascendant, with the first two placements being favorable as they pertain to wealth and gains, provided the Moon is not afflicted by its lordship. The eighth position, however, is deemed unfavorable. The potential of this yoga is significant, particularly when both the lord of the Ascendant and Jupiter are in strong positions, especially as Gajakesari Yoga also considers Jupiter's aspect on the Ascendant. This yoga exhibits a variety of forms, arising from four distinct signs, influenced by the variable position of the Moon.",needs_edit,"Definition deviates from classical standards by requiring fixed sign in Ascendant and specific Jupiter-in-5th placement, whereas classical texts require only Moon in kendra from Jupiter; requires alignment with authoritative sources.","Revise to classical definition: 'Gajakesari Yoga forms when Moon is in a kendra (1st, 4th, 7th, or 10th house) from Jupiter; Moon in 2nd or 11th from Lagna indicates wealth; 8th house placement is unfavorable.' Remove non-standard Ascendant requirements and re-verify Jupiter placement specifications.",
R-300IMP-GEN-002,300 Important Combinations,Private Limited O Delhi,300-important-combin_001_20260413,composite,,,"Rule contains logical contradiction: states 'Moon serves as a malefic lord, yet it is also associated with Saturn, a benefic entity' and later 'Jupiter, another malefic lord'—Jupiter is classically a benefic, not malefic. The terminology is confused and incoherent. Text is truncated.","In this astrological configuration, the Moon serves as a malefic lord, yet it is also associated with Saturn, a benefic entity. The Moon finds exaltation in its position, and its aspect strength is noteworthy. Conversely, Jupiter, another malefic lord, resides in a sign that is friendly to it and is under the benefic influence of Saturn, as well as being aspected by Mars, another benefic force. The cumulative strength indicates that while both the Moon and Jupiter are classified as benefic, the Moon's shadbala, or strength, surpasses that of Jupiter. Consequently, it is the Moon that is likely to manifest the predominant influences related to the 4th house, while Jupiter contributes to the outcomes associated with its own placements. For further details, one may refer to the Aspect Table.",deprecate,"Rule contains fundamental logical contradictions (Moon called both malefic and benefic, Jupiter called malefic when it is classically benefic) and lacks coherent astrological reasoning; text is truncated and internally inconsistent.",,
R-300IMP-GEN-005,300 Important Combinations,Private Limited O Delhi,300-important-combin_001_20260413,composite,,,"Text is incomplete and truncated mid-sentence ('Both the Moon and Jupiter exhibit a weak'), making it impossible to evaluate the full interpretation.","In this astrological configuration, the Moon is regarded as a neutral force, lacking any significant associations. Its aspect strength is minimal, and it resides in a house that is considered adversarial. Conversely, Jupiter is identified as a benefic entity, though it is conjoined with Kethu and positioned in a sign that is not favorable for its influence. Both the Moon and Jupiter exhibit a weak benefic quality; however, the Moon is likely to contribute more significantly to the outcomes of the yoga than Jupiter. The Moon is capable of manifesting its share of results, particularly when it serves as the major lord and sub-lord during Jupiter's Dasa. The effectiveness of this yoga is effectively diminished if the positive and negative strengths attributed to both celestial bodies are found to be equal.",needs_edit,"Text is truncated mid-sentence ('Both the Moon and Jupiter exhibit a weak'), preventing complete evaluation of the interpretation logic.",Complete the truncated sentence and provide full text; verify that comparative strength analysis between Moon and Jupiter is logically consistent and classically supported.,
R-300IMP-GEN-016,300 Important Combinations,Private Limited O Delhi,300-important-combin_001_20260413,composite,,,"Sun in Lagna causing fear of deception is not a standard Vedic principle; classical texts associate Sun in Lagna with confidence, authority, and leadership, not anxiety or mistrust.","When the Lagna is graced by the presence of the Sun, the individual often harbors a persistent fear of being deceived or swindled. This leads to a disposition marked by anxiety and heightened sensitivity. Such a native tends to exhibit frugality and a careful demeanor, mirroring the mistrust he perceives in others' actions towards him. This configuration is emblematic of a distinctive astrological profile.",deprecate,"Interpretation contradicts classical Vedic astrology: Sun in Lagna classically confers confidence, authority, and leadership—not fear of deception or anxiety; this rule appears to be non-standard and lacks authoritative support.",,
R-300IMP-GEN-019,300 Important Combinations,Private Limited O Delhi,300-important-combin_001_20260413,composite,,,Detailed text is truncated and incomplete ('in accordance with the p'); the rule mixes Amala yoga definition with incomplete reasoning.,"In the analysis of any astrological combination, it is imperative to assess the potency of the lord responsible for the Amala, alongside the influences and relationships it encounters. The presence of benefic planets in the tenth house from either the Ascendant or the Moon is essential for the manifestation of Amala. In their absence, the Amala cannot be realized. However, in accordance with the principle articulated in the phrase 'Udayat Indutovapi Yegrahadasamasthithaha Te sarve arthapradagneya swa dasasu yatoditha,' which conveys that any planet positioned in the tenth house from the Lagna or Chandra will bestow considerable wealth during its Dasa, the involvement of a malefic is not entirely excluded. The term Amala signifies purity, and when this Yoga is established, it heralds prosperity and abundance through honorable means; conversely, a malefic may indeed confer wealth, albeit through dubious methods.",needs_edit,"The rule contains valuable principle about Amala yoga and malefic involvement, but the truncated Sanskrit quote and incomplete reasoning section ('in accordance with the p...') must be restored or removed to make the rule coherent and usable.","Complete the truncated Sanskrit phrase and its translation, or remove the incomplete comparative section and focus solely on the core Amala yoga principle regarding benefic/malefic involvement.",
R-300IMP-GEN-039,300 Important Combinations,Private Limited O Delhi,300-important-combin_001_20260413,composite,,,Text is an incomplete case-study fragment ('Chart No. 32') without a coherent general principle; does not function as a reusable interpretation rule.,"In the astrological configuration of Chart No. 32, Venus governs the Ascendant and resides in a Kendra relative to Jupiter. Mercury, the ruler of the ninth house, is in a position of strength. Consequently, the individual holds a prestigious role as an Educational Officer, reaping the benefits bestowed by this auspicious Yoga, albeit subject to the adverse influences of other planetary positions.",deprecate,This is a specific horoscope example (Chart No. 32) with no generalized principle stated; it cannot function as a reusable interpretation rule for other charts.,,
R-300IMP-GEN-046,300 Important Combinations,Private Limited O Delhi,300-important-combin_001_20260413,composite,,,Text is an incomplete case-study fragment ('Chart No. 38') without a coherent general principle; does not function as a reusable interpretation rule.,"In the astrological configuration under discussion, the three celestial bodies responsible for the Yoga are adversely affected by malevolent forces. The Moon finds itself in conjunction with Kethu, while Jupiter is under the sway of Rahu's influence. Additionally, the Sun is linked with Saturn and other malefic entities. Although Chart No. 38 serves as an example of this Yoga's theoretical framework, it yields only a modest 20 to 25 percent of the anticipated outcomes due to its limiting characteristics.",deprecate,This is a specific chart example (Chart No. 38) used to illustrate outcome reduction rather than a generalizable principle; the rule name and general condition are absent.,,
R-300IMP-GEN-052,300 Important Combinations,Private Limited O Delhi,300-important-combin_001_20260413,composite,,,Rule is presented as a specific example (Cancer/Virgo/Sagittarius Lagnas) rather than a general principle. It discusses why a yoga cannot form in certain signs but does not state what yoga is being analyzed. Text is truncated and lacks context.,"In the event that Cancer serves as the Lagna, two crucial conditions of the yoga will not be fulfilled, as the lords of the 9th and 11th houses are designated as Jupiter and Venus, respectively. Furthermore, should the Lagna be Virgo or Sagittarius, the yoga cannot achieve its complete form. In the case of Virgo, Mercury assumes the role of the lord of the 10th house, while for Sagittarius, both Mercury and Venus govern the 10th and 11th houses, thus influencing the overall disposition of these planets.",needs_edit,"The rule identifies sign-specific exceptions but fails to name which yoga is being analyzed, lacks context for why these signs fail the conditions, and text appears truncated.","Add the yoga name at the beginning; provide the complete conditions that Cancer/Virgo/Sagittarius fail to meet; restore any truncated reasoning about the 9th, 10th, and 11th house lord dispositions.",
R-300IMP-GEN-055,300 Important Combinations,Private Limited O Delhi,300-important-combin_001_20260413,composite,,,Summary is incomplete ('Chart No.' with no number); rule is comparative chart analysis rather than a generalizable principle; detailed text is truncated.,"The analysis of Three Hundred Important Combinations indicates that Chart No. 57 possesses greater strength and potential compared to Chart No. 56, which is hindered by the frailty of its Lagnadhipati. In contrast, Chart No. 57 is significantly enhanced by the presence of Mars, a yogakaraka situated in the 5th house, alongside Jupiter, the lord of another trine, positioned in the 11th house. In terms of renown and affluence, Chart No. 57 exhibits a marked superiority. These examples illustrate how identical yogas may manifest diversely across various horoscopes.",deprecate,This is a comparative chart analysis (Chart No. 56 vs. 57) with incomplete reference ('Chart No.' without number) that illustrates variation rather than establishing a generalizable interpretive principle.,,
R-300IMP-GEN-057,300 Important Combinations,Private Limited O Delhi,300-important-combin_001_20260413,composite,,,Summary is a fragmented list of yoga names without a coherent interpretive statement; text is incomplete and does not function as a usable rule.,"It is evident that the three Asraya yogas—Rajju, Musala, and Nala—exhibit similarities to the yava, Abja, Vajra, Andaja or pakshi, Gola, Gada, and Sakata found among the Akriti yogas, as well as Sula and Kedara within the Sankhya yogas. Furthermore, the two Dala Yogas, Srik and Sarpa, yield outcomes akin to those of benefic and malefic planets positioned in kendras (Vajra and Yava). To elaborate, let us consider a scenario where all planets occupy Cancer and Libra, which are movable signs, thereby establishing Rajju yoga. In this case, two adjacent angles are filled. Should the ascendant be either Cancer or Libra, Gada is formed, rendering it identical to Rajju. Likewise, if the planets reside in Cancer and Capricorn, with the Lagna being Cancer or Capricorn, both Rajju and Sakata yogas coalesce. The Nala and Sakata yogas align if we transition to Gemini and Sagittarius, provided one of these signs is ascending. Thus, if the ascendant is located elsewhere, both yogas will manifest. Similar instances can be cited for the convergence of Asraya or Dala Yogas with other Akriti and Sankhya yogas. However, these examples do not encompass all potential occurrences of Asraya and Dala yogas within the Akriti and Sankhya frameworks. Hence, to illustrate that...",deprecate,"The text is a fragmented, truncated exploration of yoga similarities and edge cases that trails off mid-sentence ('Hence, to illustrate that...') without arriving at a coherent, usable interpretation rule.",,
R-300IMP-GEN-058,300 Important Combinations,Private Limited O Delhi,300-important-combin_001_20260413,composite,,,"Taurus is classified as a dry sign, but classically Taurus is an earth sign and is considered moist/wet; this contradicts standard Vedic astrology sign classifications.","In astrological terms, the signs characterized by dryness include Aries, Taurus, Gemini, Leo, Virgo, and Sagittarius. The planets associated with dryness are the Sun, Mars, and Saturn. For practical considerations, Mercury may also be regarded as a dry planet. A similar conclusion may be drawn if both the Lagna and its lord have attained a certain condition.",needs_edit,Taurus is misclassified as dry when classical Vedic astrology treats earth signs (including Taurus) as moist; this contradicts standard sign quality doctrine and requires correction.,"Remove Taurus from the dryness list; revise to: 'Aries, Gemini, Leo, Virgo, and Sagittarius' are dry signs. Add clarification that Taurus (earth) is moist, Cancer (water) is moist, Libra (air) is moist, etc.",
R-300IMP-GEN-062,300 Important Combinations,Private Limited O Delhi,300-important-combin_001_20260413,composite,,,Text is truncated mid-sentence ('required') and the condition is vague; the rule references 'planets from the Sun to Venus' which is unclear phrasing.,"In the context of Dhana Yogas, it is essential that the planets from the Sun to Venus reside in the Lagna, which must correspond to the sign of the respective planet. Furthermore, these planets should either be conjoined with or aspected by specific other planets as detailed below. For the Ascendant signs of Leo, Cancer, Aries, and Scorpio, the conjunction or aspect of Mars and Jupiter is required. For Taurus and Libra, the same applies with the Moon, Venus, and Saturn. In the case of Gemini and Virgo, the presence of Mercury, Venus, and Saturn is necessary. Lastly, for Sagittarius and Pisces, the conjunction or aspect of Mars and Mercury is mandated, along with the presence of Mercury and Saturn. It is noteworthy that all signs are considered except for Capricorn and Aquarius. In every scenario outlined, the lord of the Lagna must be situated in his own sign, which is identical to the Lagna, and must be either aspected by or associated with certain auspicious lords.",needs_edit,The phrase 'planets from the Sun to Venus' is unclear (does it mean a sequential planetary range?); text is truncated ('is required'); and the condition structure is overly complex without clear synthesis.,"Clarify 'planets from the Sun to Venus'—specify if this means Sun, Mercury, Venus or a planetary sequence. Complete the truncated sentence. Simplify the sign-by-sign conditions into a coherent general principle or table format.",
R-300IMP-GEN-063,300 Important Combinations,Private Limited O Delhi,300-important-combin_001_20260413,composite,,,Text is truncated mid-sentence ('a collaborative') and is chart-specific example rather than a generalizable rule; lacks complete interpretation.,"In the astrological configuration of Chart No. 74, Jupiter, the lord of the 2nd house, finds himself in conjunction with Mercury, the lord of the 5th house. Although the Lagna lord does not occupy the Vaiseshikamsa, he possesses notable strength. The individual, until reaching the age of 50, had not experienced the favorable aspects of existence; however, from the 51st year onward, a collaborative venture in business between father and son emerged, gradually transforming into a significant enterprise.",deprecate,This is a specific chart example (Chart No. 74) with a biographical narrative rather than a generalizable interpretive principle; text is truncated mid-concept ('a collaborative').,,
R-300IMP-GEN-067,300 Important Combinations,Private Limited O Delhi,300-important-combin_001_20260413,composite,,,Summary contains garbled term 'Aldh yosa 16g' (likely OCR error); text is incoherent and contradicts itself ('blindness brought about by wrath' vs 'may lead to blindness').,"The configuration of Aldh yosa 16g manifests a blindness brought about by the wrath of the sovereign of the Government. However, in reality, this combination may lead to blindness at some point in one's life. The Sun and Moon govern the eyes; thus, when these celestial bodies are positioned strongly and favorably, one ought not to foresee a loss of sight.",deprecate,"The text contains an OCR error ('Aldh yosa 16g'), self-contradiction ('blindness brought about by wrath' vs. 'may lead to blindness'), and incoherent logic that makes the rule unreliable and unusable.",,
R-300IMP-GEN-070,300 Important Combinations,Private Limited O Delhi,300-important-combin_001_20260413,composite,,,Rule conflates social/cultural practice (eating at death rites) with astrological interpretation; the connection between Saturn and 2nd house and this specific social behavior is not grounded in classical Vedic astrology.,"In the realm of astrological interpretation, it is noted that partaking in sustenance prepared during the death rites of individuals who are not closely related carries a significant social stigma. Engaging in such practices is deemed unfortunate. To avoid this adverse fate, it is essential that Saturn remains uninvolved with the second house.",deprecate,The rule conflates culturally-specific social practice with astrological causation; no classical Vedic text supports a direct causal link between Saturn-2nd house affliction and avoidance of food at non-family death rites.,,
R-300IMP-GEN-073,300 Important Combinations,Private Limited O Delhi,300-important-combin_001_20260413,composite,,,"Text is truncated ('To possess siblin'); summary is philosophical observation about sibling relationships, not a specific astrological rule; does not constitute a predictive principle.","It is often observed that siblings, while sharing the same lineage, may initially bond in youth but as maturity sets in, conflicts may arise, leading them to become adversaries. Although there may be rare instances of harmonious relations, it is uncommon to find siblings who maintain cordial ties as they age. Disputes, often trivial in nature, can escalate into significant rifts. To possess siblings and experience joy in their company is indeed a blessing. In general, it is advisable that the lord of the third house does not reside in malefic vargas, especially those associated with Mars.",needs_edit,"Text is truncated mid-interpretation ('To possess siblin'); the philosophical preamble about sibling conflict should be removed and only the specific astrological condition (3rd house lord in malefic vargas, especially Mars) retained as a predictive principle.","Delete philosophical narrative about sibling relationships; retain only: 'The lord of the third house should not reside in malefic vargas, especially those associated with Mars.'",
R-300IMP-GEN-074,300 Important Combinations,Private Limited O Delhi,300-important-combin_001_20260413,composite,,,Text is an incomplete case-study fragment without a coherent general principle; contradicts itself (third house 'devoid of malevolent influences' but 'under dominion of Mars').,"The third house from the Moon is devoid of any malevolent connections or influences. The lord of the third house resides in the tenth bhava and has attained six navamsas. The individual is blessed with five living siblings. Regrettably, the third house has come under the dominion of Mars across all six vargas.",deprecate,Text is an incomplete case-study fragment presented as a rule; it contains internal contradiction (3rd house 'devoid of malevolent influences' vs. 'under dominion of Mars') and lacks a coherent generalizable principle.,,
R-300IMP-GEN-075,300 Important Combinations,Private Limited O Delhi,300-important-combin_001_20260413,composite,,,Text is truncated mid-sentence ('When a si') and makes extreme claim ('demise of all brothers') without nuance; lacks complete interpretation.,"The aforementioned yoga indicates that the conjunction of Mars and the lord of the 3rd house in the 8th house signifies the potential demise of all brothers. Furthermore, it is implied that the 3rd, 4th, and 7th houses are ill-suited for Mars or the lord of the 3rd house to inhabit. Empirical observations suggest that Mars's placement in the 7th house is less detrimental than in the 8th. When a significator occupies an appropriate house, it is believed to yield adverse outcomes. I find it difficult to comprehend why the 4th house is considered inappropriate for the presence of either Mars or the lord of the 3rd house.",needs_edit,Text is truncated mid-sentence and makes an extreme claim ('demise of all brothers') without nuance or qualification; requires completion and softening of absolutist language.,Complete the truncated sentence; replace 'signifies the potential demise of all brothers' with 'may indicate significant challenges or loss among siblings'; remove or reframe the absolutist phrasing.,
R-300IMP-GEN-078,300 Important Combinations,Private Limited O Delhi,300-important-combin_001_20260413,composite,,,Text is incomplete and truncated mid-sentence ('despite having l'); cannot evaluate coherence or correctness of the full interpretation.,"In the astrological configuration presented in Chart No. 84, the third lord, Venus, resides within the Cancer navamsa. The ruler of this navamsa is found in Virgo. Furthermore, Mercury, the lord of Virgo, has successfully acquired the preponderance of his own shadvargas. Consequently, the individual demonstrated remarkable strategic prowess, managing to confront the Mughal Emperor despite having limited resources, ultimately leading to the Emperor's subjugation.",deprecate,Text is truncated mid-sentence and is a chart-specific historical example (Chart No. 84) rather than a generalizable astrological rule; cannot be applied as a predictive principle without the complete interpretation.,,
R-300IMP-GEN-079,300 Important Combinations,Private Limited O Delhi,300-important-combin_001_20260413,composite,,,Text is incomplete and truncated mid-sentence ('It is essential that the 4th lord is favorably pla'); cannot assess the complete rule.,"The ownership of a favorable dwelling is regarded as a significant blessing. Astrological scholars emphasize the impact of the nature of the residence one inhabits or possesses, as certain homes are conducive to prosperity and joy, while others may lead to misfortune and sorrow. This particular yoga signifies the acquisition of a beneficial house. It is essential that the 4th lord is favorably placed within a quadrant or trine. Furthermore, the 4th lord should be in conjunction with a benefic or at least be under the benefic's gaze. In instances where the Lagna lacks strength, one must consider the Chandra Lagna for the application of this yoga. This interpretation represents our perspective, as the classical texts do not explicitly address this matter.",needs_edit,"Text is truncated mid-sentence; however, the core principle (4th lord in quadrant/trine, conjunct or aspected by benefic, for favorable dwelling acquisition) is sound and can be recovered by completing the truncation.",Complete the truncated text starting from 'It is essential that the 4th lord is favorably placed...' and retain the coherent principle; note that the final disclaimer ('classical texts do not explicitly address') is appropriate.,
R-300IMP-GEN-081,300 Important Combinations,Private Limited O Delhi,300-important-combin_001_20260413,composite,,,Text is truncated mid-sentence ('The 190th') and is chart-specific example rather than generalizable rule; lacks complete interpretation.,"In the instance of Chart No. 87, the rulers of the Chandra Lagna, represented by Venus, and the seventh house, governed by Mars, find themselves situated in the fourth house alongside a benefic entity. The individual in question has had to exert some effort to acquire a respectable dwelling. While there exist other significant combinations, they fall outside the scope of this discourse. The 190th combination is straightforward and requires no further explanation.",deprecate,Text is truncated mid-sentence ('The 190th') and is chart-specific example (Chart No. 87) rather than a generalizable rule; the reference to 'combination 190' is incomplete and cannot be evaluated.,,
R-300IMP-GEN-083,300 Important Combinations,Private Limited O Delhi,300-important-combin_001_20260413,composite,,,Text is truncated mid-sentence ('Venus is positioned in the twelfth house fro') and is chart-specific example; lacks complete interpretation.,"In the depiction of Chart No. 90, one observes a notable astrological configuration. The fourth lord, represented by Venus, resides within the navamsa of Thula. It is pertinent to note that the ruler of this navamsa is indeed Venus itself. Furthermore, the third condition intertwines with the second, as the lord of the navamsa occupies his own domicile. Venus is positioned in the twelfth house from the Ascendant, indicating that the native experienced the loss of their mother at a young age.",deprecate,Text is truncated mid-sentence and is chart-specific example (Chart No. 90) presented as a rule; the example demonstrates a condition but does not establish a generalizable principle.,,
R-300IMP-GEN-084,300 Important Combinations,Private Limited O Delhi,300-important-combin_001_20260413,composite,,,Rule makes inappropriate and offensive claims about sexual morality; the astrological interpretation is incoherent and not grounded in classical Vedic texts.,"This configuration appears in the chart, indicating that the relationship with a sister is deemed as morally reprehensible as that with a mother or a maternal figure. It is noted that men may, at times, act in ways that are more savage than animals, driven by their primal urges. To protect oneself from any manifestation of sexual impropriety, a disposition of Venus that remains untainted serves as the most effective shield.",deprecate,"The rule makes inappropriate and offensive claims about sexual morality and family relationships; the astrological interpretation is incoherent, offensive, and not grounded in classical Vedic texts; should be removed entirely.",,
R-300IMP-GEN-086,300 Important Combinations,Private Limited O Delhi,300-important-combin_001_20260413,composite,,,Text is truncated mid-sentence ('ideally J') and contains garbled term 'Mstru Satrutwa Yogas'; lacks complete interpretation.,"The Mstru Satrutwa Yogas possess a capacity for varied interpretation. The mere presence of a benefic sign in the 4th house does not inherently bestow angelic qualities upon an individual. Rather, it is essential to examine the 4th lord. If the 4th lord does not share a conjunction with Rahu or Saturn, or if such a conjunction occurs, it is crucial that the influence of Jupiter or Venus, ideally Jupiter, is present. In such cases, one need not fear the emergence of hypocrisy in the individual. The aforementioned combinations should be regarded with caution, as prudence is advised when applying them to actual horoscopes.",needs_edit,Text is truncated mid-sentence ('ideally J') and contains a garbled term ('Mstru Satrutwa Yogas' — likely corrupted text); the underlying principle about 4th lord conditions is sound but requires text correction and completion.,Correct corrupted term; complete truncated sentence; retain the core condition: '4th lord should not conjoin Rahu/Saturn without beneficial aspect from Jupiter or Venus.',
R-300IMP-GEN-092,300 Important Combinations,Private Limited O Delhi,300-important-combin_001_20260413,composite,,,Text is incomplete and truncated mid-sentence ('the individual possesses potent p'); the philosophical discussion on curses is vague and lacks specific astrological prediction criteria.,"Curses arise from a multitude of causes, stemming from various temperaments or provocations, whether they are tangible or merely perceived. Certain individuals enter this world burdened with fervent passions, a manifestation of their past karma, which invariably leads them to cause harm to others. Consider the phenomenon known as the 'evil eye.' In such instances, the individual possesses potent passions akin to the venom of a cobra or the sting of a scorpion, capable of unleashing a formidable energy aimed at the ruin or wounding of a target.",needs_edit,"The rule contains valuable philosophical context on karma and curses but is truncated mid-sentence and lacks specific planetary combinations or houses; complete the text and add concrete astrological indicators (e.g., which planets, houses, or aspects produce this effect).","Complete the truncated sentence; add specific planetary placements or aspects that indicate curse-bearing capacity (e.g., 'Mars-Saturn conjunction in 8th house,' 'Rahu in 1st house with malefics'). Clarify predictive criteria: what observable life outcomes distinguish curse-bearing from normal malefic influence?",
R-300IMP-GEN-094,300 Important Combinations,Private Limited O Delhi,300-important-combin_001_20260413,composite,,,Text is incomplete case study (cuts off mid-sentence) with no generalizable astrological principle; philosophical musing about contradictions in life outcomes is not a usable rule.,"The cosmos is replete with contradictions. In the midst of individuals yearning for progeny, one finds others blessed with numerous offspring yet hindered in their upbringing by financial hardships and various misfortunes. A couple may appear entirely typical, embodying a harmonious balance, particularly during the Venus Dasa that commences at the age of sixteen and extends to twenty-three.",deprecate,This is a philosophical observation about life contradictions rather than a generalizable astrological rule; the truncated case study fragment does not establish testable planetary conditions or predictive criteria.,,
R-300IMP-GEN-099,300 Important Combinations,Private Limited O Delhi,300-important-combin_001_20260413,composite,,,Text is truncated mid-sentence ('abilities in m') and lacks complete interpretation; cannot assess coherence or usability.,"In the horoscope of a retired Judge, as illustrated in Chart No. 104, one observes a remarkable arrangement concerning the 5th house. This house is graced by the presence of Venus, its ruling planet, alongside Mercury, which governs both the 6th and 9th houses. The individual in question possesses exceptional intelligence and a strong sense of integrity. Even in his later years, his abilities in memory and understanding remain remarkably sharp.",needs_edit,"The rule presents a coherent case study about 5th house Venus-Mercury conjunction and intellectual sharpness, but is truncated mid-sentence and needs completion; the principle is usable but incomplete.",Complete the truncated sentence ending in 'abilities in m...'. Generalize the principle: 'Venus and Mercury in the 5th house (especially with 9th lordship) confer exceptional intelligence and sustained mental acuity in old age.' Verify if this requires the 5th lord to be benefic or unafflicted.,
R-300IMP-GEN-102,300 Important Combinations,Private Limited O Delhi,300-important-combin_001_20260413,planet_retrograde,Saturn,,"Text is truncated mid-sentence ('without any mitigating factors, it has t') and the summary references 'Combination 246' without clear connection to the Saturn retrograde condition; incomplete.","Combination 246 possesses a broad applicability, contingent upon the debilitated planet being luminous, meaning it must be untainted by combustion, or in a state of retrogression while residing in houses that are not considered dusthanas, namely the 6th, 8th, or 12th. However, should Saturn find itself debilitated in the 10th house and in retrograde motion, without any mitigating factors, it has the potential to inflict significant damage, possibly leading to a complete disruption of the individual's career. This perspective is upheld by the sages.",needs_edit,The rule contains valid astrological criteria for Saturn retrograde debilitation but is truncated mid-sentence and lacks clarity on how Combination 246 relates to the Saturn retrograde condition being described.,"Complete the truncated sentence. Clarify the relationship: does Combination 246 establish the baseline for debilitation, with this rule as a specific Saturn-retrograde variant? Explicitly state: 'Saturn debilitated and retrograde in 10th house without mitigation (clean, unafflicted) causes career destruction.'",
R-300IMP-GEN-107,300 Important Combinations,Private Limited O Delhi,300-important-combin_001_20260413,composite,,,"This is a meta-commentary on astrological methodology, not an interpretive rule; text is truncated ('Indeed, the more one attempts to'); does not constitute a predictive principle.","Astrology, being a practical science, necessitates that any interpretation of a specific combination be verifiable when examined within actual horoscopes. The terminology of astrology often employs suggestive, symbolic, or euphemistic expressions, rendering extensive knowledge of Sanskrit, Grammar, or Literature insufficient for a true understanding of the subject. Indeed, the more one attempts to interpret these terms literally, the more ludicrous the conclusions may become. A straightforward and factual approach restricts the imaginative scope, leading to original concepts being reduced to mere confusion. Most of these yogas should be assessed from both the Lagna and the Moon.",deprecate,"This is methodological guidance on astrological interpretation (the need for Sanskrit knowledge, verification in real horoscopes, assessment from Lagna and Moon) rather than a predictive rule; it is truncated and belongs in a methodology chapter, not as an interpretive combination.",,
R-300IMP-GEN-119,300 Important Combinations,Private Limited O Delhi,300-important-combin_001_20260413,composite,,,Text is truncated mid-sentence; the discussion of impotency is vague and lacks specific astrological combinations or planetary indicators for prediction.,"Impotency denotes the incapacity to engage in sexual intercourse, which may arise from underdeveloped sexual organs, prolonged indulgence, or certain psychological barriers. For a woman, this condition signifies her inability to provide satisfaction to her partner. Should a wife prove incapable of fulfilling her marital duties, her husband may find himself in a most unfortunate position. The astrological configuration that may render a wife frigid involves the 7th lord residing in the 6th house alongside Venus. However, due to the limited testing of this particular yoga across a wide array of horoscopes, I refrain from asserting its practical validity. It is advisable for readers to explore this combination themselves to ascertain its relevance in real-world scenarios.",needs_edit,"The rule proposes a specific astrological indicator (7th lord in 6th with Venus) for frigidity but is truncated, lacks verification data, and relies on the author's acknowledged limited testing; reframe or deprecate.","Reframe as a tentative hypothesis: 'Proposed indicator for marital sexual dysfunction: 7th lord in 6th house with Venus (requires further verification across multiple charts). Readers should test independently.' Alternatively, move to a separate 'unverified hypotheses' section rather than presenting as established rule.",
R-300IMP-GEN-124,300 Important Combinations,Private Limited O Delhi,300-important-combin_001_20260413,composite,,,Text is incomplete case study fragment (cuts off mid-sentence 'the subject') with no generalizable astrological principle; not a usable rule.,"The individual represented by Chart No. 133 possesses a robust constitution, having taken on the role of an athletic instructor. The Moon, under the formidable influence of Saturn and lacking any favorable planetary support, indicates that the affliction of consumption may stem from mental distress. The Ascendant is ensnared between Rahu and Saturn, with the lord of the Ascendant being the subject of Chart No. 133, born on the 28th of June, 1997, at 6:50 PM (L.I.T.).",deprecate,This is an incomplete case study fragment that cuts off mid-sentence without establishing a generalizable astrological principle; the truncation prevents assessment of coherence and the text lacks predictive criteria beyond one example.,,
R-300IMP-GEN-126,300 Important Combinations,Private Limited O Delhi,300-important-combin_001_20260413,composite,,,"Combination 273 predicting execution by hanging is an extreme claim; text is truncated ('For this yoga to manifest, two critical conditions must be satisfied: Venus must be positioned with the lord'); requires source verification.","The astrological configuration denoted as Combination 273 suggests a fate of execution by hanging. To discern the specific crime leading to such a dire consequence, one must meticulously examine the 8th house alongside the characteristics of the planetary ownership that engenders this yoga. For this yoga to manifest, two critical conditions must be satisfied: Venus must be positioned with the lord of the 6th house, and either the Sun or Saturn must align with Rahu in a cruel shashtiamsa.",needs_edit,The rule proposes an extreme prediction (execution by hanging) tied to Combination 273; the text is truncated and the principle requires source verification and clarity on whether this applies only in judicial/criminal contexts.,Complete the truncated sentence on Venus and 6th lord. Add context: clarify that Combination 273 is defined elsewhere or provide its full criteria. Specify applicability: 'This yoga indicates capital punishment outcomes only in contexts of criminal conviction (verified by 6th and 8th house indicators).' Consider renaming to avoid sensationalism.,
R-300IMP-GEN-130,300 Important Combinations,Private Limited O Delhi,300-important-combin_001_20260413,composite,,,"Text is truncated ('The position of the Moon remai'); summary claims 36 variations of a yoga but provides no specific rule; this is methodological commentary, not a predictive principle.","In the application of various yogas, one must rely on experience and practical wisdom. Concerning this particular yoga, there exist three distinct variations for each Lagna, culminating in a total of thirty-six variations. The outcomes associated with these variations are not uniform; they will inevitably differ according to the specific form of the yoga in question. The position of the Moon remains unchanged, while the malefic planets may shift their placements. For instance, one may observe the Moon positioned in the 5th house with the Sun in the 12th, Mars in the 7th, and Saturn in the Lagna; alternatively, Mars could occupy the 12th house, Saturn the 7th, and the Sun the Lagna; or, Saturn might be in the 12th, Mars in the Lagna, and the Sun in the 7th. Each of these configurations represents a unique manifestation of the same yoga relative to a given Lagna.",deprecate,This is methodological commentary on yoga variation and the principle of lagna-relative interpretation rather than a specific predictive rule; it is truncated and describes 36 variations without providing testable criteria for any of them.,,
R-300IMP-GEN-131,300 Important Combinations,Private Limited O Delhi,300-important-combin_001_20260413,composite,,,Text is incomplete case study (cuts off mid-word 'eit') with no clear astrological principle; contains subjective moral judgment ('chronic infidelity') inappropriate for classical Vedic astrology.,"It is essential to observe the quantity and characteristics of the celestial bodies present within the seventh house configuration. The conjunction of the Moon with Saturn suggests a state of mental despondency, which arises from an unfulfilled sexual desire indicated by the union of Mars and Venus. One may note that those who engage in chronic infidelity, whether male or female, often exhibit either an excessive sexual appetite, as highlighted by the Mars-Venus alignment, or possess a lack of cultural restraints, as suggested by the Mars-Saturn connection.",needs_edit,"The rule identifies specific planetary combinations (Moon-Saturn for mental distress; Mars-Venus for sexual appetite; Mars-Saturn for lack of restraint) relevant to marital fidelity, but is truncated mid-word, and contains subjective moral language ('chronic infidelity') inappropriate for classical astrology.",Complete the truncated case study. Remove moral judgment; reframe as: 'Moon-Saturn conjunction in 7th: marital discord from sexual dissatisfaction. Mars-Venus union: elevated sexual desire. Mars-Saturn: difficulty with cultural/social constraint in relationships.' Retest whether these correlate with infidelity or other marital dysfunction indicators.,
R-300IMP-GEN-135,300 Important Combinations,Private Limited O Delhi,300-important-combin_001_20260413,composite,,,Text is truncated mid-sentence ('reside in unfa') and lacks complete interpretation; cannot assess full meaning or usability.,"In practical observation, it is noted that if the twelfth and second houses, along with the Sun and the Moon, are either in conjunction with or influenced by malefic planets, or if they reside in unfavorable shadvargas, the individual may experience various degrees of visual impairment, which could manifest as defective vision, the loss of an eye, or total blindness, contingent upon the severity of the affliction.",needs_edit,"The rule contains valid astrological principle about malefic influences on 12th/2nd houses causing visual impairment, but the truncated phrase 'reside in unfavorable shadvargas' must be completed to restore full meaning.","Complete the truncated text by restoring 'shadvargas' context and ensure the full sentence reads: '...or if they reside in unfavorable shadvargas, the individual may experience...' Verify against source text for exact wording of shadvarga affliction criteria.",
R-300IMP-GEN-136,300 Important Combinations,Private Limited O Delhi,300-important-combin_001_20260413,composite,,,Text is incomplete case study (cuts off mid-sentence 'difficulties related t') with no generalizable principle; not a usable rule.,"In the chart designated as No. 141, one must take note of certain adverse combinations. The second house is under the influence of Saturn's aspect. Both the Moon and the twelfth house are conjoined with Saturn and are also subjected to the aspect of Mars. The individual in question, a female, suffers from total blindness. In addition to her visual impairment, she experiences difficulties related to urinary elimination and is afflicted by bleeding hemorrhoids.",deprecate,This is a specific case study (Chart No. 141) rather than a generalizable astrological rule; the truncated medical details ('difficulties related to...') and case-specific nature make it unsuitable as a predictive principle for the knowledge engine.,,
R-300IMP-GEN-138,300 Important Combinations,Private Limited O Delhi,300-important-combin_001_20260413,composite,,,"Text is incomplete (cuts off mid-sentence 'To suggest that insanity') and lacks clear, actionable astrological principle; appears to be editorial commentary rather than a rule.","The aforementioned four yogas associated with insanity arise from specific alignments of Saturn, Jupiter, Mars, the Moon, and Mercury. In my considered view, the combination numbered 291 appears less detrimental than commonly believed. I maintain that unless the Moon and Mercury are subjected to significant afflictions, the manifestation of insanity or lunacy is unlikely. To suggest that insanity invariably stems from nervous weakness, which in turn arises from mental turmoil, is to overlook the principles of sound reasoning and basic logic. While the mind is indeed a fundamental factor, it is influenced by actions performed in previous lifetimes, such that an individual, seemingly normal in all respects, may lose mental stability when the time for the fruition of karmic results, as indicated by celestial influences, arrives.",deprecate,"The text is incomplete, mixes philosophical commentary with astrology, lacks a clear actionable rule, and reads more as editorial argumentation about insanity yogas rather than a discrete, testable astrological condition.",,
R-300IMP-GEN-139,300 Important Combinations,Private Limited O Delhi,300-important-combin_001_20260413,composite,,,Text is truncated mid-sentence ('Should there be a si'); the rule lacks specific astrological combinations and is too vague for practical prediction.,"In the realm of astrology, one must regard this ailment chiefly through the lens of afflictions impacting the Lagna, the sixth house, as well as the Moon and Mercury. The nature of any mental disturbance—whether it arises from obsession or physiological factors—can be discerned with clarity from the natal chart. The influence of Rahu plays a pivotal role in this determination. Should there be a significant affliction involving Mercury, Lagna, or the Moon in conjunction with Rahu, it can be confidently asserted that conventional medical interventions are unlikely to yield any benefit.",needs_edit,"The rule contains usable principles (Lagna, 6th house, Moon, Mercury, Rahu affliction for mental disturbance) but is truncated mid-condition ('Should there be a si...') and the incomplete statement prevents proper evaluation of the full principle.",Complete the truncated sentence beginning 'Should there be a significant affliction...' by restoring the full condition and its astrological consequence from the source text.,
R-300IMP-GEN-140,300 Important Combinations,Private Limited O Delhi,300-important-combin_001_20260413,composite,,,Text is incomplete (cuts off mid-sentence 'especially when') and lacks clear condition; principle about Moon-Mercury aspects is reasonable but execution is garbled.,"In cases of severe ailments, the astrological configurations and aspects present in the natal chart are of utmost importance. The Moon and Mercury should be the primary focus when examining such conditions. A lack of aspect between these two celestial bodies at the time of birth, coupled with their unfavorable disposition from the Lagna, increases the likelihood of mental frailty, especially when they are significantly afflicted. If Saturn acts as the afflictor in a daytime chart, the risk of epilepsy rises; conversely, in a nighttime chart, the presence of Rahu as the afflictor may lead to insanity. The signs of Virgo and Pisces are particularly vulnerable, and any afflictions occurring within them are deemed unfavorable. Alternatively, if Mars is the afflictor, insanity may manifest during the day, while epilepsy could arise at night. It is noteworthy that in cases of insanity, the Lagna need not be afflicted, whereas in instances of epilepsy, the ascendant is typically found to be in a poor aspect or conjunction.",needs_edit,"The rule contains substantive astrological distinctions (Moon-Mercury aspects, Saturn vs. Rahu affliction by day/night chart, Virgo/Pisces vulnerability, epilepsy vs. insanity differentiation) but is truncated at 'especially when' and the incomplete phrase breaks the logical chain of the condition.","Complete the truncated phrase 'especially when they are significantly afflicted' and verify the full sentence structure reads coherently; ensure all conditional branches (day chart Saturn, night chart Rahu, Mars timing) are completely stated.",
R-300IMP-GEN-141,300 Important Combinations,Private Limited O Delhi,300-important-combin_001_20260413,composite,,,Text is incomplete (cuts off mid-sentence) and mixes medical astrology with philosophical interpretation; lacks clear predictive principle.,"While the precise timing of crises remains elusive in the realm of medical astrology, it is evident that the individual is destined to experience mental turmoil. With Pisces rising, a sign characterized by sensitivity, its ruling planet resides in the twelfth house alongside Kethu. This particular alignment not only enhances his stoicism but also fosters a deep sense of spirituality and philosophical inquiry. Noteworthy combinations pertinent to our discourse include the presence of Rahu in the sixth house, which is further influenced by the aspect of Kethu.",deprecate,"The text is truncated mid-sentence, conflates medical astrology with philosophical/spiritual interpretation (Pisces sensitivity, Kethu spirituality), and lacks a clear, discrete predictive principle rather than contextual case commentary.",,
R-300IMP-GEN-143,300 Important Combinations,Private Limited O Delhi,300-important-combin_001_20260413,composite,,,"Summary contains garbled text 'Rrjabhraihtr YoSs 301' (OCR corruption); baldness prediction is vague and unsubstantiated; text is truncated ('hence, I shall refrain from p').","The configuration of Rrjabhraihtr YoSs 301, associated with Sagittarius, engenders this particular yoga when the I-agna is influenced by malefic celestial bodies. The specific nature and timing of typical baldness remain elusive to the insights offered by current astrological understanding. Numerous horoscopic examples exist that illustrate the phenomenon of baldness; hence, I shall refrain from providing a further illustration for this yoga.",deprecate,"The rule contains OCR corruption ('Rrjabhraihtr YoSs 301'), vague baldness prediction with no substantive criteria, truncated conclusion, and explicitly states the timing/mechanism remains unknown, making it non-predictive and unsuitable for the knowledge engine.",,
R-300IMP-GEN-146,300 Important Combinations,Private Limited O Delhi,300-important-combin_001_20260413,composite,,,"Text is truncated mid-sentence and contains internal inconsistency: claims Sun is benefic as ruler of Leo, Taurus, Aquarius, Scorpio, Aries, Sagittarius (mixing signs with houses), then contradicts itself on house rulership.","In a similar vein, a malefic planet may transform into a benefic or malefic lord depending on its ownership relative to a specific Lagna. The Sun, for instance, can be deemed a benefic lord when it governs the 1st, 4th, 7th, 10th, 5th, and 9th houses, which pertains to the signs of Leo, Taurus, Aquarius, Scorpio, Aries, and Sagittarius. It holds a neutral position as the ruler of the 2nd, 12th, and 8th houses, applicable to Cancer, Virgo, and Capricorn. Conversely, it assumes the role of a malefic lord when it governs the 3rd, 6th, and 11th houses, relevant to Gemini, Pisces, and Libra. Other celestial bodies may also take on the roles of benefic and malefic lords, as previously discussed in the pages referenced from 3 to 5, which the reader is encouraged to consult.",needs_edit,"The rule contains a fundamental error: it conflates zodiac signs (Leo, Taurus, Aquarius, etc.) with house positions (1st, 4th, 7th, etc.), creating logical inconsistency; the mapping of Sun's benefic/neutral/malefic lordship requires correction to properly align houses or signs, not both.","Clarify whether the rule addresses house rulership or sign rulership for the Sun. If house-based: state 'The Sun is benefic when ruling the 1st, 4th, 5th, 7th, 9th, or 10th houses' without sign references. If sign-based: map Sun's naturally rulership (Leo only) and explain how other signs apply. Reconcile the contradictory application.",
R-300IMP-GEN-147,300 Important Combinations,Private Limited O Delhi,300-important-combin_001_20260413,composite,,,Summary and detailed text are truncated mid-word ('minu' and 'Longitude'); incomplete mathematical formula cannot be evaluated for correctness.,"The assessment of the residential strength of a planet located in the Poorvabhaga, which spans from the first degree to the midpoint, can be calculated using the formula: Longitude of Bhavamadhya minus Longitude of the planet. Conversely, for a planet positioned in the Uttarabhaga, extending from the midpoint to the final degree, the residential strength is determined by subtracting the Longitude of the planet from the Longitude of Bhavasandhi. This strength elucidates the extent to which a planet can influence the bhava based on its placement. Understanding the benefic and malefic lords, along with the inherent and residential strengths of the planets, greatly simplifies the interpretation of yogas. A Yogakaraka may gain strength through various means: by being a benefic or favorable lord, by associating with a benefic lord, by residing in its own or exalted house, or by receiving the aspect of a benefic lord, contingent upon the nature of the aspect, whether partial or full.",needs_edit,The text is truncated mid-word ('minu' and 'Longitude') preventing full evaluation of the mathematical formula for Poorvabhaga/Uttarabhaga residential strength calculation; the incomplete formula cannot be validated for correctness.,Restore truncated mathematical expressions and complete the full formulas for Poorvabhaga and Uttarabhaga residential strength calculations. Verify the complete statement: 'Longitude of Bhavamadhya minus Longitude of...' and 'Longitude of Bhavasandhi minus...',
R-300IMP-GEN-154,300 Important Combinations,Private Limited O Delhi,300-important-combin_001_20260413,composite,,,Text is truncated mid-sentence ('Parijarha (47) combination'); summary is vague ('significant astrological implications'); incomplete statement prevents evaluation.,"The configuration in question reveals significant astrological implications. Should the ruler of the Navamsa, where an exalted planet resides, find itself in a trikona or kendra aligned with a friendly or exalted sign, and if the Lagna lord is favorably positioned, the formation of Mridanga yoga (a6) is assured, promising royal distinction and influence. Furthermore, the Parijarha (47) combination holds considerable potential for bestowing political or spiritual authority, arising from the lord of the sign where the ascendant lord's house is located within a quadrant, trine, or its own or exaltation sign. The yogas numbered 49 to 70 are of notable significance, with some, like Gaja, being exceptionally rare. Kalanidhi yoga, recognized as a Raja Yoga, is capable of yielding highly favorable outcomes. Additionally, we encounter various other important yogas such as Amsavatara, Harihara Brahma, Kusuma, Matsya, Kurma, Devendra, Makuta, Chandika, Jaya, Vidyut, Gandharva, Siva, Vishnu, Brahma, Indra, Ravi, Garuda, Co, Gola, Thrilo-chana, and Kulavardhana, each possessing its unique significance. The Nabhasa yogas (71 to 102) are categorized into four groups: Akriti-20, Sankhya-7, Asraya-3, and Dala-2. The initial four Akriti yogas, namely Yupa, Ishu, Sakthi, and Danda (71 to 74), manifest when all planets occupy four contiguous signs from the Lagna and other kendras. The subsequent group, consisting of Nav, Kuta, Chatra, and Chapa (75 to 78), emerges from the arrangement of the seven planets across seven contiguous houses from the Lagna and other kendras. When the seven planets are positioned in the seven houses from a panapara or Apoklima, Ardha Chandra (79) is formed, while the Chakra requires the seven planets to inhabit odd bhavas. Other configurations such as Gada, Sakata, and Vihaga also contribute to this intricate astrological tapestry.",deprecate,"The text is truncated mid-reference ('Parijarha (47) combination'), the summary is vague ('significant astrological implications'), and the rule becomes a catalog of 30+ named yogas without clear, testable conditions; it reads as a reference list rather than discrete, usable predictive rules.",,
